batch_id,supplier,type,age_years,condition,weight_kg,est_metal_kg,est_scrap_revenue,est_parts_value,est_total_revenue,processing_cost,break_even,max_allowed_offer,true_offer_price,is_profitable_if_offer,relative_margin_pct,flag_unprofitable_no_purchase,notes
BATCH_0001,Supplier_7,Forklift,8,Damaged,6756,2161.88,78608.61,2502.92,81111.53,99059.85,-17948.32,-17948.32,,,-18.12,True,Unprofitable even without purchase
BATCH_0002,Supplier_20,Crane,13,Poor,6174,3246.27,138319.19,3606.25,141925.44,129422.48,12502.96,12502.96,7213.41,1.0,9.66,False,
BATCH_0003,Supplier_15,Loader,14,Poor,7494,4327.79,171384.53,2066.1,173450.63,114798.71,58651.92,58651.92,,,51.09,False,
BATCH_0004,Supplier_11,Loader,14,Poor,8598,4242.61,180512.9,3788.23,184301.13,131710.61,52590.52,52590.52,,,39.93,False,
BATCH_0005,Supplier_8,Loader,12,Good,6025,4674.98,192334.16,2789.91,195124.07,85856.25,109267.82,109267.82,82647.92,1.0,127.27,False,
BATCH_0006,Supplier_7,Tractor,16,Fair,6818,5118.27,195789.58,2619.59,198409.17,94804.29,103604.88,103604.88,61048.56,1.0,109.28,False,
BATCH_0007,Supplier_19,Truck,8,Good,9193,6603.46,236818.06,7470.35,244288.41,137895.0,106393.41,106393.41,112087.07,0.0,77.16,False,
BATCH_0008,Supplier_11,Excavator,11,Poor,8473,4708.92,203487.73,7069.54,210557.27,163952.55,46604.72,46604.72,,,28.43,False,
BATCH_0009,Supplier_11,Loader,7,Poor,7443,4192.16,151482.23,2920.38,154402.61,114017.46,40385.15,40385.15,,,35.42,False,
BATCH_0010,Supplier_4,Truck,14,Good,2776,2204.03,91856.74,1042.49,92899.23,41640.0,51259.23,51259.23,,,123.1,False,
BATCH_0011,Supplier_8,Tractor,18,Poor,7989,4621.81,197614.71,2875.1,200489.81,115940.36,84549.45,84549.45,58876.06,1.0,72.92,False,
BATCH_0012,Supplier_3,Truck,13,Poor,5089,3091.12,122467.85,3076.18,125544.03,82060.12,43483.91,43483.91,,,52.99,False,
BATCH_0013,Supplier_2,Tractor,11,Fair,10949,7758.93,303277.62,5674.27,308951.89,152245.84,156706.05,156706.05,,,102.93,False,
BATCH_0014,Supplier_12,Loader,13,Fair,7073,4695.37,173957.93,3254.51,177212.44,103813.96,73398.48,73398.48,54404.97,1.0,70.7,False,
BATCH_0015,Supplier_6,Loader,17,Fair,5011,3404.4,140902.08,2431.26,143333.34,73548.95,69784.39,69784.39,,,94.88,False,
BATCH_0016,Supplier_2,Truck,17,Good,7815,5873.1,181256.87,3100.18,184357.05,117225.0,67132.05,67132.05,,,57.27,False,
BATCH_0017,Supplier_1,Forklift,6,Fair,11812,6743.25,284208.96,12767.03,296975.99,155121.09,141854.9,141854.9,79940.53,1.0,91.45,False,
BATCH_0018,Supplier_12,Tractor,9,Good,9892,7763.06,313304.91,5143.48,318448.39,133542.0,184906.39,184906.39,180024.77,1.0,138.46,False,
BATCH_0019,Supplier_12,Excavator,6,Good,8659,6200.65,243881.19,11941.41,255822.6,155862.0,99960.6,99960.6,,,64.13,False,
BATCH_0020,Supplier_17,Crane,14,Good,4021,2873.5,117028.77,3249.17,120277.94,78409.5,41868.44,41868.44,,,53.4,False,
BATCH_0021,Supplier_10,Tractor,11,Poor,12864,7594.78,272495.62,4201.71,276697.33,186688.8,90008.53,90008.53,63876.86,1.0,48.21,False,
BATCH_0022,Supplier_16,Excavator,15,Fair,6135,3838.44,125751.22,5266.63,131017.85,113742.9,17274.95,17274.95,12451.39,1.0,15.19,False,
BATCH_0023,Supplier_15,Crane,10,Poor,10801,5704.92,236216.35,6547.81,242764.16,226415.96,16348.2,16348.2,,,7.22,False,
BATCH_0024,Supplier_15,Truck,6,Fair,7023,5030.61,221093.49,2397.17,223490.66,108505.35,114985.31,114985.31,107661.89,1.0,105.97,False,
BATCH_0025,Supplier_19,Excavator,20,Fair,10512,7103.17,247061.0,7631.02,254692.02,194892.48,59799.54,59799.54,51334.02,1.0,30.68,False,
BATCH_0026,Supplier_12,Tractor,8,Damaged,11920,4699.74,173150.45,3122.62,176273.07,185058.0,-8784.93,-8784.93,,,-4.75,True,Unprofitable even without purchase
BATCH_0027,Supplier_20,Excavator,17,Good,9944,6447.73,272461.56,7134.28,279595.84,178992.0,100603.84,100603.84,60206.87,1.0,56.21,False,
BATCH_0028,Supplier_3,Tractor,14,Fair,10267,6814.45,279914.91,4120.6,284035.51,142762.64,141272.87,141272.87,,,98.96,False,
BATCH_0029,Supplier_5,Tractor,13,Poor,7704,4569.92,223420.31,2645.97,226066.28,111804.3,114261.98,114261.98,87162.09,1.0,102.2,False,
BATCH_0030,Supplier_19,Crane,15,Good,6698,4621.12,199757.03,6959.15,206716.18,130611.0,76105.18,76105.18,,,58.27,False,
BATCH_0031,Supplier_7,Loader,11,Good,8414,5895.74,250605.94,5311.56,255917.5,119899.5,136018.0,136018.0,,,113.44,False,
BATCH_0032,Supplier_9,Loader,14,Fair,6980,4609.74,173827.0,3633.53,177460.53,102448.95,75011.58,75011.58,,,73.22,False,
BATCH_0033,Supplier_7,Crane,8,Good,15401,10040.05,417409.23,7623.73,425032.96,300319.5,124713.46,124713.46,,,41.53,False,
BATCH_0034,Supplier_18,Crane,10,Fair,5022,3407.92,151605.55,3763.28,155368.83,100866.87,54501.96,54501.96,,,54.03,False,
BATCH_0035,Supplier_4,Truck,12,Fair,11006,8495.48,335629.46,4834.04,340463.5,170042.7,170420.8,170420.8,126198.25,1.0,100.22,False,
BATCH_0036,Supplier_14,Tractor,15,Poor,9551,5302.46,210233.82,3701.6,213935.42,138608.89,75326.53,75326.53,38489.16,1.0,54.34,False,
BATCH_0037,Supplier_18,Tractor,12,Poor,8689,4819.99,194843.57,3711.48,198555.05,126099.11,72455.94,72455.94,51452.99,1.0,57.46,False,
BATCH_0038,Supplier_9,Truck,14,Poor,12439,8491.86,322745.91,5235.05,327980.96,200578.88,127402.08,127402.08,,,63.52,False,
BATCH_0039,Supplier_2,Tractor,13,Poor,8895,5159.44,210540.7,3818.29,214358.99,129088.69,85270.3,85270.3,,,66.06,False,
BATCH_0040,Supplier_20,Tractor,12,Poor,6095,3601.34,146689.48,3552.71,150242.19,88453.69,61788.5,61788.5,47813.5,1.0,69.85,False,
BATCH_0041,Supplier_15,Loader,13,Fair,8875,6322.12,280954.76,4462.71,285417.47,130262.81,155154.66,155154.66,96893.85,1.0,119.11,False,
BATCH_0042,Supplier_7,Forklift,10,Poor,7450,3815.47,150450.94,3108.44,153559.38,102111.56,51447.82,51447.82,,,50.38,False,
BATCH_0043,Supplier_12,Tractor,14,Poor,9509,5189.47,218083.25,3568.17,221651.42,137999.36,83652.06,83652.06,,,60.62,False,
BATCH_0044,Supplier_8,Excavator,14,Poor,10439,5923.82,234117.09,6986.01,241103.1,201994.65,39108.45,39108.45,24421.82,1.0,19.36,False,
BATCH_0045,Supplier_15,Truck,10,Fair,5422,3993.34,167397.93,2150.1,169548.03,83769.9,85778.13,85778.13,,,102.4,False,
BATCH_0046,Supplier_3,Forklift,14,Fair,11586,7326.41,287560.31,10994.96,298555.27,152153.14,146402.13,146402.13,,,96.22,False,
BATCH_0047,Supplier_14,Forklift,9,Fair,7235,3963.94,165377.24,5575.23,170952.47,95013.64,75938.83,75938.83,,,79.92,False,
BATCH_0048,Supplier_17,Excavator,5,Good,9330,6571.62,277221.87,10147.45,287369.32,167940.0,119429.32,119429.32,,,71.11,False,
BATCH_0049,Supplier_4,Crane,3,Good,9851,7755.03,285385.35,8434.24,293819.59,192094.5,101725.09,101725.09,,,52.96,False,
BATCH_0050,Supplier_18,Truck,15,Poor,9102,5586.18,241921.4,5385.37,247306.77,146769.75,100537.02,100537.02,100690.59,0.0,68.5,False,
BATCH_0051,Supplier_8,Truck,12,Fair,7672,5243.42,207118.07,2983.89,210101.96,118532.4,91569.56,91569.56,,,77.25,False,
BATCH_0052,Supplier_4,Truck,9,Good,6534,4769.99,184076.82,4133.71,188210.53,98010.0,90200.53,90200.53,,,92.03,False,
BATCH_0053,Supplier_2,Excavator,14,Good,7193,4961.23,187881.66,6772.54,194654.2,129474.0,65180.2,65180.2,,,50.34,False,
BATCH_0054,Supplier_6,Forklift,12,Good,12695,8398.5,343453.31,14619.65,358072.96,161861.25,196211.71,196211.71,,,121.22,False,
BATCH_0055,Supplier_10,Crane,14,Fair,5402,3731.91,149224.66,3103.99,152328.65,108499.17,43829.48,43829.48,47195.84,0.0,40.4,False,
BATCH_0056,Supplier_4,Excavator,16,Fair,5842,3620.89,148863.56,4572.96,153436.52,108310.68,45125.84,45125.84,,,41.66,False,
BATCH_0057,Supplier_18,Crane,5,Poor,5710,3042.25,125251.45,2882.03,128133.48,119695.88,8437.6,8437.6,,,7.05,False,
BATCH_0058,Supplier_12,Forklift,13,Fair,8407,4901.16,204994.71,7866.02,212860.73,110404.93,102455.8,102455.8,,,92.8,False,
BATCH_0059,Supplier_2,Forklift,18,Good,3425,2246.0,108546.6,2096.11,110642.71,43668.75,66973.96,66973.96,,,153.37,False,
BATCH_0060,Supplier_10,Truck,16,Poor,3939,2460.49,98712.58,2145.16,100857.74,63516.38,37341.36,37341.36,30122.45,1.0,58.79,False,
BATCH_0061,Supplier_4,Excavator,9,Poor,7217,3826.2,144616.13,5608.59,150224.72,139648.95,10575.77,10575.77,4461.38,1.0,7.57,False,
BATCH_0062,Supplier_14,Truck,8,Poor,4136,2392.16,81191.25,1961.58,83152.83,66693.0,16459.83,16459.83,,,24.68,False,
BATCH_0063,Supplier_16,Excavator,11,Good,4381,3221.47,117306.77,5481.35,122788.12,78858.0,43930.12,43930.12,,,55.71,False,
BATCH_0064,Supplier_15,Truck,21,Poor,4159,2375.7,103832.45,2104.79,105937.24,67063.88,38873.36,38873.36,,,57.96,False,
BATCH_0065,Supplier_8,Crane,16,Poor,5460,3063.43,129153.51,4122.63,133276.14,114455.25,18820.89,18820.89,,,16.44,False,
BATCH_0066,Supplier_14,Excavator,7,Fair,10193,6693.9,240645.99,10905.42,251551.41,188978.22,62573.19,62573.19,,,33.11,False,
BATCH_0067,Supplier_8,Truck,15,Good,10867,8465.19,401187.68,3501.01,404688.69,163005.0,241683.69,241683.69,180041.53,1.0,148.27,False,
BATCH_0068,Supplier_16,Excavator,11,Fair,13757,9687.84,397010.53,8873.98,405884.51,255054.78,150829.73,150829.73,,,59.14,False,
BATCH_0069,Supplier_13,Excavator,15,Good,13647,9853.89,407763.33,8736.45,416499.78,245646.0,170853.78,170853.78,85976.65,1.0,69.55,False,
BATCH_0070,Supplier_18,Excavator,11,Poor,10358,5388.14,251802.2,4611.7,256413.9,200427.3,55986.6,55986.6,30645.38,1.0,27.93,False,
BATCH_0071,Supplier_15,Tractor,16,Fair,11083,7594.45,343408.63,4212.38,347621.01,154109.12,193511.89,193511.89,105556.23,1.0,125.57,False,
BATCH_0072,Supplier_13,Truck,12,Damaged,8393,3278.85,138837.7,2568.34,141406.04,144779.25,-3373.21,-3373.21,,,-2.33,True,Unprofitable even without purchase
BATCH_0073,Supplier_9,Excavator,13,Fair,9559,6020.07,255778.58,9798.14,265576.72,177223.86,88352.86,88352.86,,,49.85,False,
BATCH_0074,Supplier_15,Tractor,14,Good,13830,10573.62,452216.34,9295.7,461512.04,186705.0,274807.04,274807.04,,,147.19,False,
BATCH_0075,Supplier_13,Crane,13,Good,9113,6474.08,254283.08,8170.37,262453.45,177703.5,84749.95,84749.95,,,47.69,False,
BATCH_0076,Supplier_1,Excavator,11,Fair,11459,7862.31,321256.96,10438.57,331695.53,212449.86,119245.67,119245.67,,,56.13,False,
BATCH_0077,Supplier_7,Truck,16,Poor,5196,3041.93,126918.33,3082.83,130001.16,83785.5,46215.66,46215.66,,,55.16,False,
BATCH_0078,Supplier_9,Truck,14,Poor,6001,3569.36,141416.8,3408.9,144825.7,96766.12,48059.58,48059.58,,,49.67,False,
BATCH_0079,Supplier_1,Forklift,16,Fair,8936,5097.11,189121.85,6410.04,195531.89,117352.02,78179.87,78179.87,38688.23,1.0,66.62,False,
BATCH_0080,Supplier_12,Tractor,14,Fair,8449,5542.4,217271.0,3983.39,221254.39,117483.34,103771.05,103771.05,,,88.33,False,
BATCH_0081,Supplier_8,Tractor,10,Good,6140,4422.82,163804.46,3408.78,167213.24,82890.0,84323.24,84323.24,,,101.73,False,
BATCH_0082,Supplier_11,Forklift,7,Fair,15222,9131.17,367010.19,21509.79,388519.98,199902.92,188617.06,188617.06,,,94.35,False,
BATCH_0083,Supplier_19,Truck,10,Good,8517,7366.24,255303.78,3691.68,258995.46,127755.0,131240.46,131240.46,,,102.73,False,
BATCH_0084,Supplier_17,Loader,7,Fair,6671,4278.13,175502.22,2812.58,178314.8,97913.6,80401.2,80401.2,,,82.11,False,
BATCH_0085,Supplier_8,Tractor,18,Poor,8454,4652.87,163344.48,2127.05,165471.53,122688.67,42782.86,42782.86,,,34.87,False,
BATCH_0086,Supplier_3,Truck,14,Damaged,8076,3249.69,126054.11,2869.22,128923.33,139311.0,-10387.67,-10387.67,-7826.62,0.0,-7.46,True,Unprofitable even without purchase
BATCH_0087,Supplier_3,Tractor,17,Fair,8563,5619.65,233284.61,4481.63,237766.24,119068.52,118697.72,118697.72,72678.22,1.0,99.69,False,
BATCH_0088,Supplier_1,Loader,17,Fair,3218,2298.42,97391.96,958.14,98350.1,47232.2,51117.9,51117.9,,,108.23,False,
BATCH_0089,Supplier_5,Tractor,12,Poor,11875,6335.6,266203.4,3483.82,269687.22,172335.94,97351.28,97351.28,92727.43,1.0,56.49,False,
BATCH_0090,Supplier_10,Forklift,7,Fair,12046,7164.46,293450.56,13279.65,306730.21,158194.1,148536.11,148536.11,,,93.89,False,
BATCH_0091,Supplier_7,Excavator,9,Fair,12410,8374.98,306877.53,11435.77,318313.3,230081.4,88231.9,88231.9,69872.9,1.0,38.35,False,
BATCH_0092,Supplier_9,Crane,13,Damaged,8976,3239.26,139099.74,3093.16,142192.9,201286.8,-59093.9,-59093.9,,,-29.36,True,Unprofitable even without purchase
BATCH_0093,Supplier_7,Excavator,11,Poor,9987,5455.4,200272.08,8747.26,209019.34,193248.45,15770.89,15770.89,12604.39,1.0,8.16,False,
BATCH_0094,Supplier_9,Loader,15,Fair,5401,3599.23,155788.09,2390.37,158178.46,79273.18,78905.28,78905.28,,,99.54,False,
BATCH_0095,Supplier_8,Tractor,12,Fair,10498,7069.04,296073.41,6001.13,302074.54,145974.69,156099.85,156099.85,151247.18,1.0,106.94,False,
BATCH_0096,Supplier_12,Truck,13,Fair,8755,6278.03,276714.87,5361.66,282076.53,135264.75,146811.78,146811.78,,,108.54,False,
BATCH_0097,Supplier_2,Truck,9,Poor,6618,3832.77,153596.75,2744.14,156340.89,106715.25,49625.64,49625.64,24105.01,1.0,46.5,False,
BATCH_0098,Supplier_1,Truck,20,Good,10594,8259.9,310107.27,4191.24,314298.51,158910.0,155388.51,155388.51,69378.44,1.0,97.78,False,
BATCH_0099,Supplier_16,Truck,12,Poor,10710,6468.21,233644.96,5568.99,239213.95,172698.75,66515.2,66515.2,,,38.52,False,
BATCH_0100,Supplier_5,Truck,12,Poor,8181,4976.89,181433.83,5203.19,186637.02,131918.62,54718.4,54718.4,38912.22,1.0,41.48,False,
BATCH_0101,Supplier_3,Crane,15,Fair,9315,5689.94,199658.15,8046.28,207704.43,187091.78,20612.65,20612.65,9609.4,1.0,11.02,False,
BATCH_0102,Supplier_12,Tractor,13,Poor,4904,2686.18,115038.37,2168.33,117206.7,71169.3,46037.4,46037.4,,,64.69,False,
BATCH_0103,Supplier_8,Crane,11,Damaged,11729,4093.42,176844.96,3850.93,180695.89,263022.82,-82326.93,-82326.93,-86755.39,1.0,-31.3,True,Unprofitable even without purchase
BATCH_0104,Supplier_3,Forklift,9,Good,5303,3287.67,136967.95,8517.11,145485.06,67613.25,77871.81,77871.81,,,115.17,False,
BATCH_0105,Supplier_1,Tractor,20,Fair,5883,4360.45,173985.78,3120.6,177106.38,81803.12,95303.26,95303.26,,,116.5,False,
BATCH_0106,Supplier_3,Crane,14,Fair,8186,5302.71,244894.41,5153.45,250047.86,164415.81,85632.05,85632.05,,,52.08,False,
BATCH_0107,Supplier_5,Loader,17,Poor,11343,6659.34,264412.79,4787.74,269200.53,173760.58,95439.95,95439.95,,,54.93,False,
BATCH_0108,Supplier_15,Excavator,8,Damaged,11341,3622.17,147287.39,4943.73,152231.12,234758.7,-82527.58,-82527.58,-49447.09,0.0,-35.15,True,Unprofitable even without purchase
BATCH_0109,Supplier_14,Truck,12,Fair,7985,5405.57,215446.81,3610.19,219057.0,123368.25,95688.75,95688.75,,,77.56,False,
BATCH_0110,Supplier_3,Truck,9,Poor,10319,6060.48,236268.27,4754.86,241023.13,166393.88,74629.25,74629.25,,,44.85,False,
BATCH_0111,Supplier_1,Excavator,16,Fair,2932,1825.36,76469.67,2396.3,78865.97,54359.28,24506.69,24506.69,,,45.08,False,
BATCH_0112,Supplier_5,Excavator,14,Fair,5842,3574.33,136180.22,5690.9,141871.12,108310.68,33560.44,33560.44,,,30.99,False,
BATCH_0113,Supplier_14,Truck,13,Fair,5903,3914.82,148364.89,3488.86,151853.75,91201.35,60652.4,60652.4,47394.83,1.0,66.5,False,
BATCH_0114,Supplier_7,Loader,14,Fair,11756,7468.67,314015.81,7237.75,321253.56,172548.69,148704.87,148704.87,,,86.18,False,
BATCH_0115,Supplier_9,Loader,7,Fair,9963,6722.46,258862.94,4586.73,263449.67,146231.93,117217.74,117217.74,,,80.16,False,
BATCH_0116,Supplier_15,Truck,9,Fair,8553,6154.72,248653.43,5022.56,253675.99,132143.85,121532.14,121532.14,52065.58,1.0,91.97,False,
BATCH_0117,Supplier_15,Excavator,11,Good,8845,6674.78,260156.33,7906.85,268063.18,159210.0,108853.18,108853.18,,,68.37,False,
BATCH_0118,Supplier_10,Truck,14,Damaged,12705,4830.47,193051.41,3976.6,197028.01,219161.25,-22133.24,-22133.24,-20789.9,0.0,-10.1,True,Unprofitable even without purchase
BATCH_0119,Supplier_13,Tractor,8,Good,7489,5661.39,215020.34,4447.1,219467.44,101101.5,118365.94,118365.94,72323.88,1.0,117.08,False,
BATCH_0120,Supplier_19,Tractor,14,Fair,4057,2795.77,106457.98,1044.99,107502.97,56412.58,51090.39,51090.39,22352.23,1.0,90.57,False,
BATCH_0121,Supplier_7,Loader,10,Fair,11261,7676.32,288175.22,3337.14,291512.36,165283.33,126229.03,126229.03,136382.57,0.0,76.37,False,
BATCH_0122,Supplier_17,Excavator,9,Poor,8545,4279.72,182016.45,5254.38,187270.83,165345.75,21925.08,21925.08,23563.79,0.0,13.26,False,
BATCH_0123,Supplier_20,Loader,9,Good,10861,7654.3,310118.97,5847.38,315966.35,154769.25,161197.1,161197.1,,,104.15,False,
BATCH_0124,Supplier_4,Forklift,10,Fair,7865,4179.94,178716.06,7549.07,186265.13,103287.11,82978.02,82978.02,71637.51,1.0,80.34,False,
BATCH_0125,Supplier_5,Truck,14,Damaged,5483,2081.81,89676.38,1372.28,91048.66,94581.75,-3533.09,-3533.09,,,-3.74,True,Unprofitable even without purchase
BATCH_0126,Supplier_7,Loader,14,Fair,9208,6115.06,236165.19,4013.0,240178.19,135150.42,105027.77,105027.77,105441.53,0.0,77.71,False,
BATCH_0127,Supplier_13,Tractor,15,Fair,8030,5427.13,231438.63,4051.51,235490.14,111657.15,123832.99,123832.99,60479.84,1.0,110.9,False,
BATCH_0128,Supplier_15,Tractor,6,Good,8554,6742.79,269425.96,5672.27,275098.23,115479.0,159619.23,159619.23,,,138.22,False,
BATCH_0129,Supplier_11,Tractor,11,Good,12849,10244.55,404905.38,8965.56,413870.94,173461.5,240409.44,240409.44,127057.77,1.0,138.6,False,
BATCH_0130,Supplier_4,Loader,13,Fair,4703,3052.74,133579.05,2274.82,135853.87,69028.28,66825.59,66825.59,,,96.81,False,
BATCH_0131,Supplier_13,Crane,9,Fair,8857,5840.68,243330.35,7564.58,250894.93,177892.84,73002.09,73002.09,35794.79,1.0,41.04,False,
BATCH_0132,Supplier_7,Loader,18,Fair,5543,3652.61,142242.59,2603.71,144846.3,81357.38,63488.92,63488.92,,,78.04,False,
BATCH_0133,Supplier_19,Forklift,10,Fair,500,276.19,11452.6,573.02,12025.62,6566.25,5459.37,5459.37,,,83.14,False,
BATCH_0134,Supplier_2,Crane,6,Fair,7853,5112.0,185069.03,6969.02,192038.05,157727.5,34310.55,34310.55,36476.05,0.0,21.75,False,
BATCH_0135,Supplier_10,Forklift,13,Fair,8093,4258.48,173498.73,10712.88,184211.61,106281.32,77930.29,77930.29,33739.36,1.0,73.32,False,
BATCH_0136,Supplier_13,Crane,21,Good,9870,7251.24,257427.91,6504.15,263932.06,192465.0,71467.06,71467.06,,,37.13,False,
BATCH_0137,Supplier_6,Crane,18,Poor,7347,3666.21,135821.35,5307.92,141129.27,154011.49,-12882.22,-12882.22,-5548.59,0.0,-8.36,True,Unprofitable even without purchase
BATCH_0138,Supplier_12,Tractor,16,Fair,3532,2333.47,97431.52,1666.89,99098.41,49112.46,49985.95,49985.95,,,101.78,False,
BATCH_0139,Supplier_12,Truck,13,Fair,5532,3651.6,116811.99,3640.02,120452.01,85469.4,34982.61,34982.61,,,40.93,False,
BATCH_0140,Supplier_20,Crane,19,Poor,11950,6623.89,300774.52,6188.13,306962.65,250501.88,56460.77,56460.77,49115.96,1.0,22.54,False,
BATCH_0141,Supplier_11,Tractor,17,Poor,5490,2731.91,116115.68,1607.81,117723.49,79673.62,38049.87,38049.87,,,47.76,False,
BATCH_0142,Supplier_7,Tractor,11,Good,12749,9647.22,332678.6,5826.18,338504.78,172111.5,166393.28,166393.28,,,96.68,False,
BATCH_0143,Supplier_1,Forklift,11,Damaged,11149,3500.84,165223.88,7430.82,172654.7,163472.21,9182.49,9182.49,,,5.62,False,
BATCH_0144,Supplier_1,Excavator,15,Fair,7046,4236.05,203424.91,4052.58,207477.49,130632.84,76844.65,76844.65,,,58.82,False,
BATCH_0145,Supplier_20,Tractor,2,Damaged,5812,2245.39,88599.78,1546.83,90146.61,90231.3,-84.69,-84.69,,,-0.09,True,Unprofitable even without purchase
BATCH_0146,Supplier_13,Crane,9,Poor,11143,5608.55,208753.22,6408.12,215161.34,233585.14,-18423.8,-18423.8,-8618.16,0.0,-7.89,True,Unprofitable even without purchase
BATCH_0147,Supplier_9,Loader,14,Fair,7277,5033.43,226800.87,3290.75,230091.62,106808.17,123283.45,123283.45,,,115.43,False,
BATCH_0148,Supplier_3,Tractor,12,Fair,3363,2111.47,82281.09,1008.25,83289.34,46762.52,36526.82,36526.82,24486.32,1.0,78.11,False,
BATCH_0149,Supplier_7,Loader,11,Fair,9686,6696.07,271077.8,5699.48,276777.28,142166.27,134611.01,134611.01,58741.05,1.0,94.69,False,
BATCH_0150,Supplier_6,Loader,11,Fair,9251,6149.3,268428.44,4989.48,273417.92,135781.55,137636.37,137636.37,,,101.37,False,
BATCH_0151,Supplier_8,Truck,10,Fair,11413,7889.3,311938.71,5111.24,317049.95,176330.85,140719.1,140719.1,60825.61,1.0,79.8,False,
BATCH_0152,Supplier_9,Truck,12,Damaged,9048,3390.34,133161.83,3759.33,136921.16,156078.0,-19156.84,-19156.84,,,-12.27,True,Unprofitable even without purchase
BATCH_0153,Supplier_5,Crane,14,Fair,6352,3607.89,130543.62,6072.7,136616.32,127579.92,9036.4,9036.4,,,7.08,False,
BATCH_0154,Supplier_1,Excavator,7,Good,11809,8694.62,331337.8,10406.68,341744.48,212562.0,129182.48,129182.48,,,60.77,False,
BATCH_0155,Supplier_19,Truck,8,Fair,12100,8010.57,314156.05,7964.99,322121.04,186945.0,135176.04,135176.04,,,72.31,False,
BATCH_0156,Supplier_10,Tractor,7,Damaged,8699,2940.76,106703.45,2422.75,109126.2,135051.97,-25925.77,-25925.77,,,-19.2,True,Unprofitable even without purchase
BATCH_0157,Supplier_12,Excavator,9,Poor,8180,4380.6,160138.06,7550.63,167688.69,158283.0,9405.69,9405.69,,,5.94,False,
BATCH_0158,Supplier_15,Tractor,14,Poor,4030,2329.23,93404.0,1624.35,95028.35,58485.38,36542.97,36542.97,,,62.48,False,
BATCH_0159,Supplier_9,Tractor,15,Fair,6177,4530.14,156067.34,2291.81,158359.15,85891.18,72467.97,72467.97,,,84.37,False,
BATCH_0160,Supplier_20,Tractor,12,Fair,10282,6286.82,234891.38,2887.81,237779.19,142971.21,94807.98,94807.98,82325.32,1.0,66.31,False,
BATCH_0161,Supplier_17,Tractor,11,Fair,6328,4323.61,198167.4,4377.92,202545.32,87990.84,114554.48,114554.48,111797.4,1.0,130.19,False,
BATCH_0162,Supplier_17,Crane,13,Poor,3629,2000.62,77951.35,1887.94,79839.29,76072.91,3766.38,3766.38,2777.32,1.0,4.95,False,
BATCH_0163,Supplier_20,Truck,12,Poor,18487,11549.4,445666.28,9493.38,455159.66,298102.88,157056.78,157056.78,,,52.69,False,
BATCH_0164,Supplier_12,Crane,12,Fair,3609,2387.72,93002.08,3096.08,96098.16,72486.76,23611.4,23611.4,21002.79,1.0,32.57,False,
BATCH_0165,Supplier_7,Tractor,13,Good,14770,10568.1,412129.93,7248.94,419378.87,199395.0,219983.87,219983.87,,,110.33,False,
BATCH_0166,Supplier_2,Loader,14,Fair,7077,4463.98,186257.81,3383.8,189641.61,103872.67,85768.94,85768.94,,,82.57,False,
BATCH_0167,Supplier_3,Tractor,13,Poor,7746,4215.06,174986.52,4757.06,179743.58,112413.82,67329.76,67329.76,49856.58,1.0,59.89,False,
BATCH_0168,Supplier_17,Forklift,11,Fair,5983,3476.9,135000.12,4982.98,139983.1,78571.75,61411.35,61411.35,,,78.16,False,
BATCH_0169,Supplier_5,Crane,12,Poor,10348,5771.03,227139.01,5176.02,232315.03,216919.95,15395.08,15395.08,,,7.1,False,
BATCH_0170,Supplier_17,Truck,13,Damaged,3680,1487.58,65361.77,1351.0,66712.77,63480.0,3232.77,3232.77,,,5.09,False,
BATCH_0171,Supplier_17,Loader,11,Good,2479,1935.96,68666.73,1101.86,69768.59,35325.75,34442.84,34442.84,19677.23,1.0,97.5,False,
BATCH_0172,Supplier_17,Excavator,10,Fair,12830,8075.72,321633.75,10742.42,332376.17,237868.2,94507.97,94507.97,,,39.73,False,
BATCH_0173,Supplier_2,Excavator,14,Fair,5588,3813.54,154088.9,5233.9,159322.8,103601.52,55721.28,55721.28,58259.74,0.0,53.78,False,
BATCH_0174,Supplier_2,Truck,7,Good,10238,8270.83,311561.76,7229.51,318791.27,153570.0,165221.27,165221.27,,,107.59,False,
BATCH_0175,Supplier_5,Tractor,12,Good,4743,3589.89,142355.62,2319.08,144674.7,64030.5,80644.2,80644.2,,,125.95,False,
BATCH_0176,Supplier_1,Tractor,14,Good,10125,8227.75,306606.86,4320.3,310927.16,136687.5,174239.66,174239.66,181141.16,0.0,127.47,False,
BATCH_0177,Supplier_1,Excavator,15,Poor,13050,7030.52,294659.69,11471.24,306130.93,252517.5,53613.43,53613.43,,,21.23,False,
BATCH_0178,Supplier_19,Loader,10,Fair,6418,4297.29,154639.61,4579.61,159219.22,94200.2,65019.02,65019.02,,,69.02,False,
BATCH_0179,Supplier_2,Truck,12,Fair,2199,1452.29,62720.05,1284.31,64004.36,33974.55,30029.81,30029.81,,,88.39,False,
BATCH_0180,Supplier_12,Excavator,12,Damaged,13066,4896.58,194786.37,3766.67,198553.04,270466.2,-71913.16,-71913.16,-29944.86,0.0,-26.59,True,Unprofitable even without purchase
BATCH_0181,Supplier_6,Excavator,7,Fair,10778,7437.83,287516.0,9812.8,297328.8,199824.12,97504.68,97504.68,87538.27,1.0,48.8,False,
BATCH_0182,Supplier_4,Truck,9,Good,6579,5227.6,193347.54,5599.34,198946.88,98685.0,100261.88,100261.88,,,101.6,False,
BATCH_0183,Supplier_11,Tractor,11,Fair,7346,5230.8,225405.49,2949.77,228355.26,102146.13,126209.13,126209.13,75056.64,1.0,123.56,False,
BATCH_0184,Supplier_17,Crane,12,Fair,4668,2935.08,111663.4,2823.68,114487.08,93756.78,20730.3,20730.3,,,22.11,False,
BATCH_0185,Supplier_6,Tractor,12,Poor,12260,7537.58,275108.51,4749.41,279857.92,177923.25,101934.67,101934.67,108212.39,0.0,57.29,False,
BATCH_0186,Supplier_5,Truck,10,Poor,6395,3854.31,166330.4,2355.13,168685.53,103119.38,65566.15,65566.15,,,63.58,False,
BATCH_0187,Supplier_20,Excavator,8,Poor,3743,2115.04,78863.67,2289.57,81153.24,72427.05,8726.19,8726.19,,,12.05,False,
BATCH_0188,Supplier_2,Truck,8,Fair,8640,5893.1,234053.62,3627.32,237680.94,133488.0,104192.94,104192.94,106960.26,0.0,78.05,False,
BATCH_0189,Supplier_6,Loader,7,Good,5419,4172.58,177152.77,1987.61,179140.38,77220.75,101919.63,101919.63,104103.37,0.0,131.98,False,
BATCH_0190,Supplier_11,Truck,11,Good,4909,4161.4,168427.97,2983.44,171411.41,73635.0,97776.41,97776.41,,,132.79,False,
BATCH_0191,Supplier_16,Tractor,12,Good,6709,5082.53,229692.51,3803.69,233496.2,90571.5,142924.7,142924.7,107600.73,1.0,157.8,False,
BATCH_0192,Supplier_16,Forklift,15,Fair,8259,4754.24,178260.94,7862.76,186123.7,108461.32,77662.38,77662.38,72991.56,1.0,71.6,False,
BATCH_0193,Supplier_1,Tractor,11,Good,3856,2931.22,115397.63,2315.52,117713.15,52056.0,65657.15,65657.15,,,126.13,False,
BATCH_0194,Supplier_9,Forklift,11,Fair,12155,7328.02,290193.0,9925.74,300118.74,159625.54,140493.2,140493.2,,,88.01,False,
BATCH_0195,Supplier_6,Truck,13,Poor,10031,6065.18,253910.91,4441.05,258351.96,161749.88,96602.08,96602.08,82025.38,1.0,59.72,False,
BATCH_0196,Supplier_16,Loader,10,Damaged,6903,2539.69,111405.71,1715.61,113121.32,113122.91,-1.59,-1.59,,,-0.0,True,Unprofitable even without purchase
BATCH_0197,Supplier_3,Tractor,19,Fair,5289,3728.84,149977.11,2999.53,152976.64,73543.54,79433.1,79433.1,,,108.01,False,
BATCH_0198,Supplier_20,Crane,10,Fair,7732,4951.16,196001.61,4953.34,200954.95,155297.22,45657.73,45657.73,,,29.4,False,
BATCH_0199,Supplier_4,Truck,12,Fair,10698,7228.2,256969.91,7291.73,264261.64,165284.1,98977.54,98977.54,,,59.88,False,
BATCH_0200,Supplier_19,Truck,7,Fair,10233,7650.97,308618.28,5354.01,313972.29,158099.85,155872.44,155872.44,,,98.59,False,
BATCH_0201,Supplier_3,Truck,16,Good,11175,8735.53,332379.05,9195.57,341574.62,167625.0,173949.62,173949.62,,,103.77,False,
BATCH_0202,Supplier_19,Crane,15,Damaged,6558,2500.61,104663.8,2327.52,106991.32,147063.15,-40071.83,-40071.83,-37626.71,0.0,-27.25,True,Unprofitable even without purchase
BATCH_0203,Supplier_20,Loader,15,Fair,500,329.2,12763.4,184.18,12947.58,7338.75,5608.83,5608.83,,,76.43,False,
BATCH_0204,Supplier_7,Crane,7,Good,11743,8622.4,338671.37,9196.06,347867.43,228988.5,118878.93,118878.93,,,51.91,False,
BATCH_0205,Supplier_20,Truck,11,Good,7498,5550.29,197696.87,4729.32,202426.19,112470.0,89956.19,89956.19,,,79.98,False,
BATCH_0206,Supplier_9,Loader,6,Fair,9998,7150.39,247157.83,5497.32,252655.15,146745.64,105909.51,105909.51,,,72.17,False,
BATCH_0207,Supplier_1,Excavator,12,Poor,13007,6868.53,313087.94,8287.79,321375.73,251685.45,69690.28,69690.28,,,27.69,False,
BATCH_0208,Supplier_8,Excavator,16,Damaged,15303,5172.71,208920.85,5186.33,214107.18,316772.1,-102664.92,-102664.92,,,-32.41,True,Unprofitable even without purchase
BATCH_0209,Supplier_7,Truck,16,Poor,6050,3721.64,153379.97,3528.76,156908.73,97556.25,59352.48,59352.48,,,60.84,False,
BATCH_0210,Supplier_18,Crane,10,Fair,8401,5520.71,205718.85,5556.63,211275.48,168734.08,42541.4,42541.4,,,25.21,False,
BATCH_0211,Supplier_8,Truck,10,Fair,12100,8895.21,379172.3,5592.13,384764.43,186945.0,197819.43,197819.43,,,105.82,False,
BATCH_0212,Supplier_1,Tractor,11,Poor,5467,3149.89,132564.44,1719.43,134283.87,79339.84,54944.03,54944.03,51980.28,1.0,69.25,False,
BATCH_0213,Supplier_11,Loader,9,Fair,6253,4056.76,152504.64,2872.99,155377.63,91778.41,63599.22,63599.22,,,69.3,False,
BATCH_0214,Supplier_18,Truck,15,Fair,6235,4501.17,165739.76,4471.04,170210.8,96330.75,73880.05,73880.05,64199.36,1.0,76.69,False,
BATCH_0215,Supplier_10,Tractor,10,Good,7915,6268.96,236981.84,3166.19,240148.03,106852.5,133295.53,133295.53,,,124.75,False,
BATCH_0216,Supplier_3,Truck,14,Good,7339,6302.23,251554.47,6382.42,257936.89,110085.0,147851.89,147851.89,87571.72,1.0,134.31,False,
BATCH_0217,Supplier_7,Excavator,14,Fair,6218,3706.53,150119.36,5297.2,155416.56,115281.72,40134.84,40134.84,,,34.81,False,
BATCH_0218,Supplier_16,Tractor,10,Fair,5102,3154.48,126542.54,1887.95,128430.49,70943.31,57487.18,57487.18,30657.31,1.0,81.03,False,
BATCH_0219,Supplier_16,Excavator,8,Poor,10435,5477.06,240422.07,5784.43,246206.5,201917.25,44289.25,44289.25,45790.99,0.0,21.93,False,
BATCH_0220,Supplier_20,Crane,10,Good,12013,8749.83,331225.95,9104.83,340330.78,234253.5,106077.28,106077.28,,,45.28,False,
BATCH_0221,Supplier_17,Tractor,14,Fair,12448,8088.28,297163.52,7514.12,304677.64,173089.44,131588.2,131588.2,92616.28,1.0,76.02,False,
BATCH_0222,Supplier_2,Tractor,11,Good,6556,4683.76,187351.79,2442.99,189794.78,88506.0,101288.78,101288.78,83483.19,1.0,114.44,False,
BATCH_0223,Supplier_1,Crane,16,Good,10561,7486.68,261440.45,5708.97,267149.42,205939.5,61209.92,61209.92,,,29.72,False,
BATCH_0224,Supplier_16,Tractor,15,Fair,8708,5865.74,246872.65,3819.54,250692.19,121084.74,129607.45,129607.45,,,107.04,False,
BATCH_0225,Supplier_12,Tractor,17,Good,6287,4424.85,178294.42,3993.62,182288.04,84874.5,97413.54,97413.54,,,114.77,False,
BATCH_0226,Supplier_5,Tractor,19,Fair,10202,7451.19,290491.24,4926.98,295418.22,141858.81,153559.41,153559.41,,,108.25,False,
BATCH_0227,Supplier_5,Excavator,13,Fair,6150,3786.25,146979.73,4879.35,151859.08,114021.0,37838.08,37838.08,38311.29,0.0,33.19,False,
BATCH_0228,Supplier_9,Excavator,13,Fair,6871,4521.23,193192.1,6513.05,199705.15,127388.34,72316.81,72316.81,,,56.77,False,
BATCH_0229,Supplier_9,Loader,7,Fair,3869,2720.1,115969.95,1300.04,117269.99,56787.25,60482.74,60482.74,27176.25,1.0,106.51,False,
BATCH_0230,Supplier_3,Crane,12,Good,6607,4863.15,190931.57,4487.19,195418.76,128836.5,66582.26,66582.26,,,51.68,False,
BATCH_0231,Supplier_19,Truck,18,Good,8761,7129.04,297817.83,5253.13,303070.96,131415.0,171655.96,171655.96,,,130.62,False,
BATCH_0232,Supplier_16,Tractor,13,Good,12706,10106.07,430418.65,6619.01,437037.66,171531.0,265506.66,265506.66,120698.19,1.0,154.79,False,
BATCH_0233,Supplier_16,Excavator,13,Poor,6939,3415.18,140044.85,6777.53,146822.38,134269.65,12552.73,12552.73,,,9.35,False,
BATCH_0234,Supplier_3,Forklift,12,Fair,4885,2787.54,109783.37,4160.77,113944.14,64152.26,49791.88,49791.88,36418.0,1.0,77.62,False,
BATCH_0235,Supplier_20,Truck,8,Fair,12492,8302.64,341599.69,4794.95,346394.64,193001.4,153393.24,153393.24,162942.42,0.0,79.48,False,
BATCH_0236,Supplier_1,Truck,15,Fair,6486,4425.14,163211.29,3413.79,166625.08,100208.7,66416.38,66416.38,,,66.28,False,
BATCH_0237,Supplier_20,Excavator,19,Poor,2754,1482.61,59620.67,1581.93,61202.6,53289.9,7912.7,7912.7,3444.84,1.0,14.85,False,
BATCH_0238,Supplier_11,Tractor,9,Poor,8399,4706.78,184979.38,1245.2,186224.58,121890.49,64334.09,64334.09,48337.73,1.0,52.78,False,
BATCH_0239,Supplier_17,Loader,10,Poor,7025,3976.37,154404.05,3735.55,158139.6,107614.22,50525.38,50525.38,,,46.95,False,
BATCH_0240,Supplier_8,Truck,9,Poor,14901,8854.72,308325.22,6007.56,314332.78,240278.62,74054.16,74054.16,,,30.82,False,
BATCH_0241,Supplier_4,Loader,12,Fair,9426,6719.7,248072.55,5308.02,253380.57,138350.12,115030.45,115030.45,,,83.14,False,
BATCH_0242,Supplier_6,Truck,15,Poor,7560,4183.38,161237.15,2737.74,163974.89,121905.0,42069.89,42069.89,,,34.51,False,
BATCH_0243,Supplier_8,Loader,15,Fair,5226,3796.07,162035.69,2087.38,164123.07,76704.62,87418.45,87418.45,73290.01,1.0,113.97,False,
BATCH_0244,Supplier_20,Truck,10,Fair,8990,6645.02,271498.71,4005.23,275503.94,138895.5,136608.44,136608.44,,,98.35,False,
BATCH_0245,Supplier_3,Truck,16,Fair,12370,7810.14,334422.56,6169.72,340592.28,191116.5,149475.78,149475.78,,,78.21,False,
BATCH_0246,Supplier_16,Crane,11,Fair,8935,5590.72,244475.14,6122.99,250598.13,179459.48,71138.65,71138.65,35057.26,1.0,39.64,False,
BATCH_0247,Supplier_3,Forklift,15,Damaged,5457,1757.77,72047.35,2728.75,74776.1,80013.26,-5237.16,-5237.16,,,-6.55,True,Unprofitable even without purchase
BATCH_0248,Supplier_18,Loader,12,Fair,9616,6200.17,250616.33,4538.53,255154.86,141138.84,114016.02,114016.02,94544.28,1.0,80.78,False,
BATCH_0249,Supplier_14,Tractor,11,Poor,7854,4758.13,176436.3,2397.62,178833.92,113981.17,64852.75,64852.75,61108.87,1.0,56.9,False,
BATCH_0250,Supplier_18,Forklift,9,Fair,9345,5847.81,268765.43,8963.01,277728.44,122723.21,155005.23,155005.23,82779.42,1.0,126.3,False,
BATCH_0251,Supplier_2,Truck,7,Fair,6935,4976.67,177898.37,4670.48,182568.85,107145.75,75423.1,75423.1,,,70.39,False,
BATCH_0252,Supplier_3,Forklift,11,Good,6865,4663.8,188213.26,9854.65,198067.91,87528.75,110539.16,110539.16,72769.3,1.0,126.29,False,
BATCH_0253,Supplier_16,Tractor,15,Good,6746,5078.46,215826.41,4557.25,220383.66,91071.0,129312.66,129312.66,,,141.99,False,
BATCH_0254,Supplier_9,Crane,10,Poor,10826,5545.67,235913.98,7336.18,243250.16,226940.02,16310.14,16310.14,,,7.19,False,
BATCH_0255,Supplier_4,Loader,13,Fair,6895,4273.11,156116.93,4157.4,160274.33,101201.36,59072.97,59072.97,64636.48,0.0,58.37,False,
BATCH_0256,Supplier_1,Crane,12,Fair,6620,4001.46,155017.72,4901.19,159918.91,132962.7,26956.21,26956.21,,,20.27,False,
BATCH_0257,Supplier_4,Tractor,12,Poor,5173,3054.47,114857.65,2449.88,117307.53,75073.16,42234.37,42234.37,45345.17,0.0,56.26,False,
BATCH_0258,Supplier_1,Tractor,12,Fair,9362,6437.83,219264.1,3069.57,222333.67,130178.61,92155.06,92155.06,43959.11,1.0,70.79,False,
BATCH_0259,Supplier_14,Loader,14,Damaged,8935,3412.89,137849.97,1634.61,139484.58,146422.31,-6937.73,-6937.73,,,-4.74,True,Unprofitable even without purchase
BATCH_0260,Supplier_16,Truck,12,Fair,6653,4907.79,185745.88,3075.82,188821.7,102788.85,86032.85,86032.85,77796.17,1.0,83.7,False,
BATCH_0261,Supplier_20,Forklift,15,Fair,5871,3648.19,162404.46,5826.8,168231.26,77100.91,91130.35,91130.35,,,118.2,False,
BATCH_0262,Supplier_8,Crane,9,Fair,13628,7871.18,329373.65,7745.34,337118.99,273718.38,63400.61,63400.61,67407.5,0.0,23.16,False,
BATCH_0263,Supplier_7,Truck,11,Good,2358,1838.26,73758.72,1038.66,74797.38,35370.0,39427.38,39427.38,20206.51,1.0,111.47,False,
BATCH_0264,Supplier_3,Crane,12,Good,9479,6709.69,258872.6,5277.03,264149.63,184840.5,79309.13,79309.13,55613.27,1.0,42.91,False,
BATCH_0265,Supplier_17,Tractor,13,Poor,11874,6517.4,262946.77,4349.18,267295.95,172321.42,94974.53,94974.53,,,55.11,False,
BATCH_0266,Supplier_1,Crane,14,Poor,500,255.49,10023.48,321.29,10344.77,10481.25,-136.48,-136.48,,,-1.3,True,Unprofitable even without purchase
BATCH_0267,Supplier_16,Loader,7,Poor,10382,5439.68,218722.01,5393.03,224115.04,159039.26,65075.78,65075.78,49644.99,1.0,40.92,False,
BATCH_0268,Supplier_12,Truck,11,Good,7339,5937.27,271362.38,5127.01,276489.39,110085.0,166404.39,166404.39,,,151.16,False,
BATCH_0269,Supplier_19,Tractor,13,Fair,8768,5799.23,213444.9,4267.68,217712.58,121919.04,95793.54,95793.54,58271.16,1.0,78.57,False,
BATCH_0270,Supplier_14,Forklift,20,Good,7030,4777.68,188690.05,6237.12,194927.17,89632.5,105294.67,105294.67,,,117.47,False,
BATCH_0271,Supplier_6,Excavator,14,Good,11226,8159.57,343674.28,8577.37,352251.65,202068.0,150183.65,150183.65,,,74.32,False,
BATCH_0272,Supplier_6,Tractor,10,Poor,9089,5098.06,197802.57,3869.73,201672.3,131904.11,69768.19,69768.19,,,52.89,False,
BATCH_0273,Supplier_13,Excavator,17,Fair,8395,5397.94,241512.61,7638.28,249150.89,155643.3,93507.59,93507.59,93262.32,1.0,60.08,False,
BATCH_0274,Supplier_19,Tractor,12,Good,5303,3955.31,166262.95,2646.75,168909.7,71590.5,97319.2,97319.2,,,135.94,False,
BATCH_0275,Supplier_8,Tractor,14,Good,13646,9824.18,371779.67,10353.61,382133.28,184221.0,197912.28,197912.28,,,107.43,False,
BATCH_0276,Supplier_2,Tractor,12,Damaged,8029,3100.75,125928.3,2169.44,128097.74,124650.22,3447.52,3447.52,,,2.77,False,
BATCH_0277,Supplier_1,Truck,18,Good,14869,11492.47,435405.72,9525.31,444931.03,223035.0,221896.03,221896.03,,,99.49,False,
BATCH_0278,Supplier_15,Crane,13,Fair,13782,9012.13,338946.44,6626.94,345573.38,276811.47,68761.91,68761.91,,,24.84,False,
BATCH_0279,Supplier_1,Truck,8,Fair,2664,1597.02,63209.1,1296.35,64505.45,41158.8,23346.65,23346.65,,,56.72,False,
BATCH_0280,Supplier_5,Truck,10,Good,6035,4922.16,215547.7,4753.43,220301.13,90525.0,129776.13,129776.13,,,143.36,False,
BATCH_0281,Supplier_16,Truck,11,Good,4889,3947.01,166707.24,3810.96,170518.2,73335.0,97183.2,97183.2,,,132.52,False,
BATCH_0282,Supplier_19,Truck,10,Fair,7855,5270.85,210476.99,2476.87,212953.86,121359.75,91594.11,91594.11,47036.17,1.0,75.47,False,
BATCH_0283,Supplier_4,Tractor,15,Poor,8561,4918.97,208286.69,3052.13,211338.82,124241.51,87097.31,87097.31,95157.7,0.0,70.1,False,
BATCH_0284,Supplier_3,Crane,16,Fair,8689,5232.38,213511.75,10329.39,223841.14,174518.56,49322.58,49322.58,,,28.26,False,
BATCH_0285,Supplier_17,Loader,14,Poor,11162,6147.51,224324.61,4095.65,228420.26,170987.89,57432.37,57432.37,,,33.59,False,
BATCH_0286,Supplier_17,Truck,13,Damaged,12480,4965.32,196450.84,4077.7,200528.54,215280.0,-14751.46,-14751.46,-15666.69,1.0,-6.85,True,Unprofitable even without purchase
BATCH_0287,Supplier_12,Loader,11,Poor,10902,6278.34,249755.64,5548.62,255304.26,167005.01,88299.25,88299.25,,,52.87,False,
BATCH_0288,Supplier_14,Crane,15,Fair,6317,4136.68,174919.81,4605.0,179524.81,126876.94,52647.87,52647.87,48276.9,1.0,41.5,False,
BATCH_0289,Supplier_6,Tractor,11,Fair,5653,3890.63,149013.42,3131.11,152144.53,78604.96,73539.57,73539.57,,,93.56,False,
BATCH_0290,Supplier_3,Forklift,8,Poor,8008,3937.94,146735.54,7948.4,154683.94,109759.65,44924.29,44924.29,,,40.93,False,
BATCH_0291,Supplier_9,Forklift,16,Poor,9278,4711.16,187802.66,10288.73,198091.39,127166.59,70924.8,70924.8,,,55.77,False,
BATCH_0292,Supplier_5,Truck,13,Fair,7450,5258.46,200156.58,4166.5,204323.08,115102.5,89220.58,89220.58,89383.27,0.0,77.51,False,
BATCH_0293,Supplier_17,Excavator,12,Poor,3963,2257.09,88093.03,2282.0,90375.03,76684.05,13690.98,13690.98,,,17.85,False,
BATCH_0294,Supplier_14,Forklift,13,Good,10046,6283.1,249799.48,10654.96,260454.44,128086.5,132367.94,132367.94,65092.72,1.0,103.34,False,
BATCH_0295,Supplier_3,Crane,14,Fair,6823,4094.88,159089.64,3625.81,162715.45,137039.96,25675.49,25675.49,21459.18,1.0,18.74,False,
BATCH_0296,Supplier_1,Truck,13,Fair,6732,4892.29,209828.11,2276.29,212104.4,104009.4,108095.0,108095.0,111636.96,0.0,103.93,False,
BATCH_0297,Supplier_20,Loader,8,Good,7836,6019.04,266299.7,4539.15,270838.85,111663.0,159175.85,159175.85,,,142.55,False,
BATCH_0298,Supplier_1,Loader,13,Good,7280,5339.28,227393.17,3647.15,231040.32,103740.0,127300.32,127300.32,,,122.71,False,
BATCH_0299,Supplier_3,Loader,15,Poor,6900,3587.21,124427.43,3473.5,127900.93,105699.38,22201.55,22201.55,,,21.0,False,
BATCH_0300,Supplier_18,Loader,16,Fair,4159,2564.0,97621.94,2814.73,100436.67,61043.72,39392.95,39392.95,29584.46,1.0,64.53,False,
BATCH_0301,Supplier_10,Loader,13,Fair,7663,5461.51,215533.27,3505.12,219038.39,112473.68,106564.71,106564.71,,,94.75,False,
BATCH_0302,Supplier_3,Truck,15,Fair,10108,6738.79,232226.66,4208.13,236434.79,156168.6,80266.19,80266.19,72262.98,1.0,51.4,False,
BATCH_0303,Supplier_8,Truck,10,Fair,8793,6191.68,231397.48,4672.95,236070.43,135851.85,100218.58,100218.58,,,73.77,False,
BATCH_0304,Supplier_14,Crane,17,Good,10844,7606.81,299903.89,5938.41,305842.3,211458.0,94384.3,94384.3,42989.66,1.0,44.64,False,
BATCH_0305,Supplier_18,Forklift,8,Poor,5814,2762.8,106790.72,2797.56,109588.28,79688.14,29900.14,29900.14,,,37.52,False,
BATCH_0306,Supplier_15,Excavator,10,Poor,4165,2303.19,92187.37,2721.81,94909.18,80592.75,14316.43,14316.43,,,17.76,False,
BATCH_0307,Supplier_2,Tractor,16,Poor,7262,3860.88,138441.56,3206.2,141647.76,105389.78,36257.98,36257.98,28862.19,1.0,34.4,False,
BATCH_0308,Supplier_10,Crane,13,Poor,6157,3002.28,115945.51,3487.86,119433.37,129066.11,-9632.74,-9632.74,,,-7.46,True,Unprofitable even without purchase
BATCH_0309,Supplier_2,Tractor,9,Fair,6468,4046.91,163720.7,2659.47,166380.17,89937.54,76442.63,76442.63,56521.77,1.0,85.0,False,
BATCH_0310,Supplier_17,Crane,11,Good,8635,6601.78,264273.24,4117.02,268390.26,168382.5,100007.76,100007.76,,,59.39,False,
BATCH_0311,Supplier_8,Loader,12,Fair,6490,4371.97,180740.22,2722.79,183463.01,95256.98,88206.03,88206.03,65105.74,1.0,92.6,False,
BATCH_0312,Supplier_1,Crane,11,Good,4249,3262.1,134286.71,4261.14,138547.85,82855.5,55692.35,55692.35,39047.2,1.0,67.22,False,
BATCH_0313,Supplier_9,Tractor,12,Damaged,6323,2461.85,95467.29,2320.78,97788.07,98164.58,-376.51,-376.51,,,-0.38,True,Unprofitable even without purchase
BATCH_0314,Supplier_11,Tractor,13,Good,9020,7575.95,305768.04,5409.06,311177.1,121770.0,189407.1,189407.1,,,155.54,False,
BATCH_0315,Supplier_16,Tractor,11,Good,10014,7341.41,276037.17,7308.48,283345.65,135189.0,148156.65,148156.65,,,109.59,False,
BATCH_0316,Supplier_7,Excavator,11,Poor,9984,5332.24,208966.83,7523.25,216490.08,193190.4,23299.68,23299.68,17995.58,1.0,12.06,False,
BATCH_0317,Supplier_10,Excavator,14,Damaged,9273,3410.49,125619.08,3113.21,128732.29,191951.1,-63218.81,-63218.81,,,-32.93,True,Unprofitable even without purchase
BATCH_0318,Supplier_3,Tractor,11,Poor,7495,4382.71,189316.74,2600.83,191917.57,108771.19,83146.38,83146.38,55559.67,1.0,76.44,False,
BATCH_0319,Supplier_18,Truck,8,Good,9214,7074.07,277158.65,4675.46,281834.11,138210.0,143624.11,143624.11,,,103.92,False,
BATCH_0320,Supplier_13,Truck,14,Good,7872,6450.67,278616.24,4636.81,283253.05,118080.0,165173.05,165173.05,,,139.88,False,
BATCH_0321,Supplier_7,Tractor,4,Fair,8339,5932.63,242849.17,5314.62,248163.79,115953.8,132209.99,132209.99,133288.92,0.0,114.02,False,
BATCH_0322,Supplier_4,Tractor,10,Good,5182,4120.16,153859.19,3654.75,157513.94,69957.0,87556.94,87556.94,,,125.16,False,
BATCH_0323,Supplier_13,Excavator,14,Good,8131,5913.99,241014.73,8321.36,249336.09,146358.0,102978.09,102978.09,,,70.36,False,
BATCH_0324,Supplier_20,Crane,8,Fair,9135,5922.61,251291.34,4039.15,255330.49,183476.48,71854.01,71854.01,49410.63,1.0,39.16,False,
BATCH_0325,Supplier_1,Crane,8,Damaged,9023,3218.72,127999.67,2942.83,130942.5,202340.78,-71398.28,-71398.28,,,-35.29,True,Unprofitable even without purchase
BATCH_0326,Supplier_8,Truck,9,Fair,4137,2828.4,113764.15,2736.64,116500.79,63916.65,52584.14,52584.14,,,82.27,False,
BATCH_0327,Supplier_14,Loader,14,Poor,8288,4378.29,167888.28,3686.17,171574.45,126961.8,44612.65,44612.65,,,35.14,False,
BATCH_0328,Supplier_16,Tractor,17,Poor,3668,1913.61,76682.77,1346.1,78028.87,53231.85,24797.02,24797.02,24020.61,1.0,46.58,False,
BATCH_0329,Supplier_14,Crane,20,Fair,8521,5352.09,217903.36,6115.86,224019.22,171144.28,52874.94,52874.94,43082.38,1.0,30.89,False,
BATCH_0330,Supplier_12,Tractor,8,Poor,5895,3258.31,124674.52,2001.75,126676.27,85551.19,41125.08,41125.08,,,48.07,False,
BATCH_0331,Supplier_19,Forklift,17,Fair,13116,7600.41,279407.13,13289.27,292696.4,172245.87,120450.53,120450.53,,,69.93,False,
BATCH_0332,Supplier_15,Loader,7,Fair,8357,6031.67,264572.64,4479.55,269052.19,122659.87,146392.32,146392.32,,,119.35,False,
BATCH_0333,Supplier_2,Crane,18,Poor,10403,5562.53,232582.52,3975.65,236558.17,218072.89,18485.28,18485.28,,,8.48,False,
BATCH_0334,Supplier_2,Loader,10,Good,14332,10799.29,414228.64,6881.55,421110.19,204231.0,216879.19,216879.19,,,106.19,False,
BATCH_0335,Supplier_19,Truck,11,Damaged,5547,2218.58,90205.18,1894.04,92099.22,95685.75,-3586.53,-3586.53,-2985.68,0.0,-3.75,True,Unprofitable even without purchase
BATCH_0336,Supplier_17,Truck,17,Good,9307,7274.32,258705.84,8216.64,266922.48,139605.0,127317.48,127317.48,72473.59,1.0,91.2,False,
BATCH_0337,Supplier_20,Crane,14,Fair,4442,2829.17,96386.39,2376.7,98763.09,89217.57,9545.52,9545.52,8855.09,1.0,10.7,False,
BATCH_0338,Supplier_10,Tractor,5,Fair,9034,6398.68,276758.26,5117.68,281875.94,125617.77,156258.17,156258.17,,,124.39,False,
BATCH_0339,Supplier_6,Loader,13,Good,13297,9914.08,403390.57,8025.13,411415.7,189482.25,221933.45,221933.45,236114.47,0.0,117.13,False,
BATCH_0340,Supplier_15,Truck,13,Good,6116,4922.91,196211.9,3727.56,199939.46,91740.0,108199.46,108199.46,,,117.94,False,
BATCH_0341,Supplier_11,Tractor,11,Poor,5342,3398.4,138307.99,1812.88,140120.87,77525.77,62595.1,62595.1,29593.18,1.0,80.74,False,
BATCH_0342,Supplier_5,Excavator,20,Poor,7726,4463.47,221738.03,4378.93,226116.96,149498.1,76618.86,76618.86,38182.96,1.0,51.25,False,
BATCH_0343,Supplier_1,Tractor,11,Poor,14137,7916.71,337309.53,6051.02,343360.55,205163.21,138197.34,138197.34,,,67.36,False,
BATCH_0344,Supplier_8,Crane,11,Fair,10313,6142.48,226434.41,8223.32,234657.73,207136.6,27521.13,27521.13,29289.12,0.0,13.29,False,
BATCH_0345,Supplier_12,Tractor,7,Good,5285,4444.79,155384.84,2370.77,157755.61,71347.5,86408.11,86408.11,,,121.11,False,
BATCH_0346,Supplier_12,Tractor,7,Poor,12365,7258.0,313281.46,8257.68,321539.14,179447.06,142092.08,142092.08,147781.21,0.0,79.18,False,
BATCH_0347,Supplier_5,Tractor,15,Poor,3034,1669.81,71080.95,1133.83,72214.78,44030.92,28183.86,28183.86,,,64.01,False,
BATCH_0348,Supplier_7,Tractor,11,Fair,14409,9299.01,388002.89,5216.31,393219.2,200357.14,192862.06,192862.06,,,96.26,False,
BATCH_0349,Supplier_4,Loader,12,Poor,10569,5989.01,224955.38,4325.52,229280.9,161903.87,67377.03,67377.03,70928.53,0.0,41.62,False,
BATCH_0350,Supplier_6,Truck,8,Poor,13290,8040.07,330365.32,8128.67,338493.99,214301.25,124192.74,124192.74,,,57.95,False,
BATCH_0351,Supplier_13,Tractor,13,Fair,3056,1937.0,73276.64,1670.63,74947.27,42493.68,32453.59,32453.59,,,76.37,False,
BATCH_0352,Supplier_20,Tractor,14,Poor,8508,4595.25,192946.95,3843.78,196790.73,123472.35,73318.38,73318.38,,,59.38,False,
BATCH_0353,Supplier_15,Crane,6,Fair,7598,4581.24,196754.96,7687.58,204442.54,152605.83,51836.71,51836.71,,,33.97,False,
BATCH_0354,Supplier_3,Tractor,5,Fair,4979,3439.48,131971.41,2622.61,134594.02,69233.0,65361.02,65361.02,,,94.41,False,
BATCH_0355,Supplier_8,Loader,5,Good,4111,2872.74,124663.79,1718.68,126382.47,58581.75,67800.72,67800.72,,,115.74,False,
BATCH_0356,Supplier_20,Forklift,10,Fair,9521,6111.47,246564.55,9229.87,255794.42,125034.53,130759.89,130759.89,,,104.58,False,
BATCH_0357,Supplier_16,Excavator,8,Fair,9793,5986.93,248311.63,9057.24,257368.87,181562.22,75806.65,75806.65,47008.0,1.0,41.75,False,
BATCH_0358,Supplier_13,Truck,12,Poor,11899,6984.07,251923.09,6608.51,258531.6,191871.38,66660.22,66660.22,45638.62,1.0,34.74,False,
BATCH_0359,Supplier_18,Tractor,10,Good,6489,4835.38,196783.74,3943.99,200727.73,87601.5,113126.23,113126.23,,,129.14,False,
BATCH_0360,Supplier_10,Excavator,11,Poor,7575,4283.83,162670.93,4409.43,167080.36,146576.25,20504.11,20504.11,,,13.99,False,
BATCH_0361,Supplier_19,Crane,15,Poor,3852,2205.73,91369.94,2313.03,93682.97,80747.55,12935.42,12935.42,,,16.02,False,
BATCH_0362,Supplier_17,Forklift,14,Good,12622,8160.12,362321.47,14084.74,376406.21,160930.5,215475.71,215475.71,,,133.89,False,
BATCH_0363,Supplier_19,Truck,4,Good,8208,6225.73,254436.62,5573.68,260010.3,123120.0,136890.3,136890.3,94001.56,1.0,111.18,False,
BATCH_0364,Supplier_5,Truck,17,Damaged,10167,3825.82,142693.27,2787.03,145480.3,175380.75,-29900.45,-29900.45,-23299.39,0.0,-17.05,True,Unprofitable even without purchase
BATCH_0365,Supplier_9,Excavator,12,Poor,10273,5382.45,225413.77,6162.5,231576.27,198782.55,32793.72,32793.72,,,16.5,False,
BATCH_0366,Supplier_12,Crane,12,Poor,12377,6378.31,262820.6,7643.46,270464.06,259452.86,11011.2,11011.2,,,4.24,False,
BATCH_0367,Supplier_1,Tractor,9,Damaged,5505,2159.73,99727.27,1468.33,101195.6,85465.12,15730.48,15730.48,13332.69,1.0,18.41,False,
BATCH_0368,Supplier_1,Truck,12,Poor,10092,5677.27,231416.33,2377.37,233793.7,162733.5,71060.2,71060.2,,,43.67,False,
BATCH_0369,Supplier_15,Forklift,10,Fair,7924,4875.57,186459.23,9145.64,195604.87,104061.93,91542.94,91542.94,,,87.97,False,
BATCH_0370,Supplier_2,Loader,12,Poor,14317,7506.1,317597.53,6774.7,324372.23,219318.54,105053.69,105053.69,,,47.9,False,
BATCH_0371,Supplier_16,Truck,11,Poor,5496,3228.66,127909.71,2169.91,130079.62,88623.0,41456.62,41456.62,,,46.78,False,
BATCH_0372,Supplier_8,Crane,8,Fair,11514,7272.21,292639.21,9951.47,302590.68,231258.69,71331.99,71331.99,,,30.85,False,
BATCH_0373,Supplier_13,Loader,16,Fair,9051,5766.98,214615.69,3337.01,217952.7,132846.05,85106.65,85106.65,,,64.06,False,
BATCH_0374,Supplier_1,Excavator,8,Poor,8893,4561.76,180794.85,6537.23,187332.08,172079.55,15252.53,15252.53,13238.93,1.0,8.86,False,
BATCH_0375,Supplier_16,Truck,15,Good,8162,6121.05,245407.67,4417.69,249825.36,122430.0,127395.36,127395.36,,,104.06,False,
BATCH_0376,Supplier_7,Truck,14,Damaged,12039,4887.82,193630.76,3910.48,197541.24,207672.75,-10131.51,-10131.51,-9431.11,0.0,-4.88,True,Unprofitable even without purchase
BATCH_0377,Supplier_5,Truck,11,Fair,8791,5935.95,226915.57,4896.54,231812.11,135820.95,95991.16,95991.16,54926.12,1.0,70.67,False,
BATCH_0378,Supplier_3,Loader,15,Good,3426,2638.52,107822.29,1417.22,109239.51,48820.5,60419.01,60419.01,,,123.76,False,
BATCH_0379,Supplier_12,Forklift,12,Fair,11658,6551.26,243900.68,14923.53,258824.21,153098.68,105725.53,105725.53,,,69.06,False,
BATCH_0380,Supplier_16,Truck,16,Good,11108,9281.64,338993.49,7767.53,346761.02,166620.0,180141.02,180141.02,,,108.11,False,
BATCH_0381,Supplier_19,Truck,10,Poor,9761,5736.93,241688.88,3488.29,245177.17,157396.12,87781.05,87781.05,63151.6,1.0,55.77,False,
BATCH_0382,Supplier_5,Truck,12,Damaged,4614,1873.32,78404.53,1628.42,80032.95,79591.5,441.45,441.45,425.61,1.0,0.55,False,
BATCH_0383,Supplier_14,Truck,13,Poor,5080,2842.54,102550.85,3089.72,105640.57,81915.0,23725.57,23725.57,14879.6,1.0,28.96,False,
BATCH_0384,Supplier_5,Loader,10,Good,2367,1653.91,57078.64,1058.96,58137.6,33729.75,24407.85,24407.85,22105.25,1.0,72.36,False,
BATCH_0385,Supplier_15,Excavator,7,Fair,9380,6017.76,222499.3,6217.35,228716.65,173905.2,54811.45,54811.45,,,31.52,False,
BATCH_0386,Supplier_17,Excavator,13,Poor,3951,2115.82,83818.43,3033.36,86851.79,76451.85,10399.94,10399.94,9401.25,1.0,13.6,False,
BATCH_0387,Supplier_14,Truck,14,Damaged,2843,1069.73,46493.73,742.27,47236.0,49041.75,-1805.75,-1805.75,,,-3.68,True,Unprofitable even without purchase
BATCH_0388,Supplier_20,Crane,9,Fair,11824,7031.55,278039.91,7676.45,285716.36,237485.04,48231.32,48231.32,,,20.31,False,
BATCH_0389,Supplier_5,Excavator,15,Fair,10304,6664.54,251199.29,9166.53,260365.82,191036.16,69329.66,69329.66,57096.43,1.0,36.29,False,
BATCH_0390,Supplier_12,Crane,10,Fair,7000,4520.18,182822.11,5644.75,188466.86,140595.0,47871.86,47871.86,31827.29,1.0,34.05,False,
BATCH_0391,Supplier_16,Truck,11,Poor,7597,4300.41,170545.45,3293.9,173839.35,122501.62,51337.73,51337.73,30051.64,1.0,41.91,False,
BATCH_0392,Supplier_16,Loader,11,Poor,777,471.31,16899.75,249.0,17148.75,11902.67,5246.08,5246.08,,,44.07,False,
BATCH_0393,Supplier_7,Crane,8,Fair,10750,6464.47,231911.64,8834.17,240745.81,215913.75,24832.06,24832.06,16536.84,1.0,11.5,False,
BATCH_0394,Supplier_4,Truck,8,Fair,5921,4304.14,154757.11,5523.95,160281.06,91479.45,68801.61,68801.61,,,75.21,False,
BATCH_0395,Supplier_1,Tractor,10,Poor,8990,5117.62,242777.61,4239.48,247017.09,130467.38,116549.71,116549.71,,,89.33,False,
BATCH_0396,Supplier_5,Loader,7,Fair,534,339.35,14449.5,228.16,14677.66,7837.78,6839.88,6839.88,,,87.27,False,
BATCH_0397,Supplier_10,Forklift,10,Fair,10932,6528.08,249495.72,11500.51,260996.23,143564.49,117431.74,117431.74,,,81.8,False,
BATCH_0398,Supplier_5,Tractor,10,Fair,5741,3749.73,162456.3,2148.41,164604.71,79828.6,84776.11,84776.11,,,106.2,False,
BATCH_0399,Supplier_4,Tractor,13,Good,3871,2737.92,104850.92,2110.93,106961.85,52258.5,54703.35,54703.35,32705.34,1.0,104.68,False,
BATCH_0400,Supplier_2,Forklift,9,Good,6981,4512.69,195063.47,9782.53,204846.0,89007.75,115838.25,115838.25,,,130.14,False,
BATCH_0401,Supplier_20,Tractor,15,Poor,6210,3438.73,138377.66,2365.74,140743.4,90122.62,50620.78,50620.78,,,56.17,False,
BATCH_0402,Supplier_10,Truck,15,Poor,11222,6604.07,251109.5,5478.79,256588.29,180954.75,75633.54,75633.54,72325.63,1.0,41.8,False,
BATCH_0403,Supplier_19,Forklift,11,Poor,6738,3265.79,137292.05,6269.41,143561.46,92352.71,51208.75,51208.75,,,55.45,False,
BATCH_0404,Supplier_1,Truck,11,Poor,12087,7465.59,301703.59,4904.84,306608.43,194902.88,111705.55,111705.55,,,57.31,False,
BATCH_0405,Supplier_5,Tractor,16,Fair,8990,6157.37,253651.65,4739.73,258391.38,125005.95,133385.43,133385.43,,,106.7,False,
BATCH_0406,Supplier_13,Truck,11,Poor,10683,6652.09,270384.32,4799.75,275184.07,172263.38,102920.69,102920.69,,,59.75,False,
BATCH_0407,Supplier_4,Truck,11,Fair,7993,5863.24,238135.75,4183.13,242318.88,123491.85,118827.03,118827.03,81636.15,1.0,96.22,False,
BATCH_0408,Supplier_16,Excavator,12,Poor,11816,7019.64,297644.4,8070.83,305715.23,228639.6,77075.63,77075.63,31332.57,1.0,33.71,False,
BATCH_0409,Supplier_16,Loader,9,Damaged,4539,1657.27,79137.0,1456.37,80593.37,74382.86,6210.51,6210.51,3226.59,1.0,8.35,False,
BATCH_0410,Supplier_2,Excavator,8,Fair,8340,4947.22,216422.94,7312.71,223735.65,154623.6,69112.05,69112.05,62955.71,1.0,44.7,False,
BATCH_0411,Supplier_17,Truck,21,Fair,6810,4889.64,198807.56,4947.66,203755.22,105214.5,98540.72,98540.72,96874.98,1.0,93.66,False,
BATCH_0412,Supplier_20,Truck,10,Fair,12189,8143.76,318161.88,7672.84,325834.72,188320.05,137514.67,137514.67,,,73.02,False,
BATCH_0413,Supplier_12,Tractor,11,Good,12497,8845.21,348481.77,6805.98,355287.75,168709.5,186578.25,186578.25,,,110.59,False,
BATCH_0414,Supplier_18,Forklift,17,Good,8001,5512.46,199725.31,12610.89,212336.2,102012.75,110323.45,110323.45,,,108.15,False,
BATCH_0415,Supplier_3,Tractor,12,Poor,4125,2434.45,102231.39,1999.29,104230.68,59864.06,44366.62,44366.62,,,74.11,False,
BATCH_0416,Supplier_1,Tractor,9,Damaged,9281,3307.96,122246.43,1501.68,123748.11,144087.52,-20339.41,-20339.41,,,-14.12,True,Unprofitable even without purchase
BATCH_0417,Supplier_1,Loader,14,Fair,3006,2011.24,78202.31,1496.2,79698.51,44120.56,35577.95,35577.95,,,80.64,False,
BATCH_0418,Supplier_19,Tractor,11,Good,12878,10281.85,431951.27,6774.44,438725.71,173853.0,264872.71,264872.71,191399.17,1.0,152.35,False,
BATCH_0419,Supplier_11,Truck,13,Good,6580,5295.83,208062.7,5400.03,213462.73,98700.0,114762.73,114762.73,81471.8,1.0,116.27,False,
BATCH_0420,Supplier_5,Excavator,15,Poor,7908,4180.72,161054.45,4609.09,165663.54,153019.8,12643.74,12643.74,,,8.26,False,
BATCH_0421,Supplier_12,Excavator,15,Fair,5957,4013.37,146117.0,4510.11,150627.11,110442.78,40184.33,40184.33,41734.57,0.0,36.38,False,
BATCH_0422,Supplier_3,Excavator,13,Fair,5294,3906.42,170382.34,5173.42,175555.76,98150.76,77405.0,77405.0,50608.03,1.0,78.86,False,
BATCH_0423,Supplier_1,Tractor,16,Fair,10211,7003.4,262629.84,4141.28,266771.12,141983.96,124787.16,124787.16,73255.92,1.0,87.89,False,
BATCH_0424,Supplier_1,Loader,12,Fair,7524,5071.36,193940.84,3504.38,197445.22,110433.51,87011.71,87011.71,,,78.79,False,
BATCH_0425,Supplier_8,Excavator,7,Fair,8127,5263.87,182260.51,6168.75,188429.26,150674.58,37754.68,37754.68,21130.17,1.0,25.06,False,
BATCH_0426,Supplier_10,Tractor,12,Poor,4988,2629.14,105008.95,1946.58,106955.53,72388.35,34567.18,34567.18,,,47.75,False,
BATCH_0427,Supplier_11,Crane,5,Good,10568,7377.8,287735.05,8913.49,296648.54,206076.0,90572.54,90572.54,57693.6,1.0,43.95,False,
BATCH_0428,Supplier_12,Excavator,11,Poor,10873,5800.1,235168.38,5844.74,241013.12,210392.55,30620.57,30620.57,19857.33,1.0,14.55,False,
BATCH_0429,Supplier_13,Loader,14,Fair,7373,4651.26,169659.85,2738.64,172398.49,108217.21,64181.28,64181.28,37462.05,1.0,59.31,False,
BATCH_0430,Supplier_12,Tractor,14,Poor,11803,6635.75,280045.52,4609.87,284655.39,171291.04,113364.35,113364.35,,,66.18,False,
BATCH_0431,Supplier_14,Excavator,11,Poor,7687,3707.55,127845.1,3746.73,131591.83,148743.45,-17151.62,-17151.62,,,-11.53,True,Unprofitable even without purchase
BATCH_0432,Supplier_2,Crane,16,Good,10339,7694.59,305655.8,8842.39,314498.19,201610.5,112887.69,112887.69,,,55.99,False,
BATCH_0433,Supplier_19,Tractor,12,Fair,3131,2212.14,89252.03,2122.07,91374.1,43536.56,47837.54,47837.54,44240.54,1.0,109.88,False,
BATCH_0434,Supplier_18,Tractor,8,Fair,9060,5927.77,238138.21,5246.45,243384.66,125979.3,117405.36,117405.36,,,93.19,False,
BATCH_0435,Supplier_3,Tractor,5,Good,7185,5050.79,204421.96,4448.35,208870.31,96997.5,111872.81,111872.81,,,115.34,False,
BATCH_0436,Supplier_17,Tractor,10,Fair,8466,5771.92,244533.25,3349.86,247883.11,117719.73,130163.38,130163.38,55645.41,1.0,110.57,False,
BATCH_0437,Supplier_8,Loader,15,Damaged,8332,3238.62,142415.39,1687.39,144102.78,136540.65,7562.13,7562.13,3620.95,1.0,5.54,False,
BATCH_0438,Supplier_10,Truck,13,Good,8377,5958.74,235567.92,5500.08,241068.0,125655.0,115413.0,115413.0,,,91.85,False,
BATCH_0439,Supplier_2,Excavator,14,Poor,9847,5528.05,205071.15,4023.6,209094.75,190539.45,18555.3,18555.3,,,9.74,False,
BATCH_0440,Supplier_19,Truck,13,Poor,6304,3625.32,151111.14,2187.78,153298.92,101652.0,51646.92,51646.92,24988.43,1.0,50.81,False,
BATCH_0441,Supplier_9,Loader,8,Poor,9707,5033.39,197103.94,3104.69,200208.63,148699.11,51509.52,51509.52,33732.8,1.0,34.64,False,
BATCH_0442,Supplier_7,Excavator,9,Fair,11697,7747.02,339271.9,12575.19,351847.09,216862.38,134984.71,134984.71,,,62.24,False,
BATCH_0443,Supplier_4,Loader,14,Fair,3769,2588.24,98855.5,1396.31,100251.81,55319.5,44932.31,44932.31,,,81.22,False,
BATCH_0444,Supplier_18,Tractor,12,Poor,5658,3270.73,122410.23,1441.73,123851.96,82111.72,41740.24,41740.24,35080.73,1.0,50.83,False,
BATCH_0445,Supplier_13,Loader,8,Fair,5784,3678.5,148726.84,2532.36,151259.2,84894.66,66364.54,66364.54,,,78.17,False,
BATCH_0446,Supplier_11,Forklift,11,Fair,4723,2616.5,90998.59,4173.06,95171.65,62024.8,33146.85,33146.85,,,53.44,False,
BATCH_0447,Supplier_4,Loader,8,Fair,6575,4371.57,168732.61,1867.89,170600.5,96504.56,74095.94,74095.94,,,76.78,False,
BATCH_0448,Supplier_4,Loader,17,Fair,11099,6695.95,261212.21,4298.37,265510.58,162905.57,102605.01,102605.01,,,62.98,False,
BATCH_0449,Supplier_10,Tractor,10,Fair,12342,8317.53,338202.56,5028.44,343231.0,171615.51,171615.49,171615.49,,,100.0,False,
BATCH_0450,Supplier_5,Tractor,11,Fair,8318,5251.85,194377.19,4546.64,198923.83,115661.79,83262.04,83262.04,,,71.99,False,
BATCH_0451,Supplier_9,Excavator,13,Fair,7027,4651.85,173800.09,5344.94,179145.03,130280.58,48864.45,48864.45,40467.53,1.0,37.51,False,
BATCH_0452,Supplier_3,Truck,12,Poor,10408,5378.21,233794.77,4862.74,238657.51,167829.0,70828.51,70828.51,55296.85,1.0,42.2,False,
BATCH_0453,Supplier_17,Tractor,16,Poor,908,470.65,18806.99,363.17,19170.16,13177.35,5992.81,5992.81,,,45.48,False,
BATCH_0454,Supplier_3,Tractor,11,Poor,4834,2736.52,116559.09,1765.97,118325.06,70153.42,48171.64,48171.64,,,68.67,False,
BATCH_0455,Supplier_16,Excavator,10,Damaged,1035,345.87,13272.64,558.62,13831.26,21424.5,-7593.24,-7593.24,,,-35.44,True,Unprofitable even without purchase
BATCH_0456,Supplier_4,Tractor,10,Fair,4802,3017.05,120189.16,2611.33,122800.49,66771.81,56028.68,56028.68,57325.99,0.0,83.91,False,
BATCH_0457,Supplier_18,Loader,15,Good,5698,3889.1,158067.04,2951.09,161018.13,81196.5,79821.63,79821.63,,,98.31,False,
BATCH_0458,Supplier_17,Tractor,11,Good,12433,10481.95,474231.35,5384.49,479615.84,167845.5,311770.34,311770.34,147869.87,1.0,185.75,False,
BATCH_0459,Supplier_7,Crane,12,Fair,500,303.67,11948.55,185.42,12133.97,10042.5,2091.47,2091.47,,,20.83,False,
BATCH_0460,Supplier_5,Loader,7,Good,6749,4858.84,191929.98,5116.62,197046.6,96173.25,100873.35,100873.35,106561.92,0.0,104.89,False,
BATCH_0461,Supplier_12,Forklift,21,Fair,9858,5631.1,243795.43,6963.69,250759.12,129460.18,121298.94,121298.94,,,93.7,False,
BATCH_0462,Supplier_17,Crane,15,Fair,9232,5752.66,223551.62,3923.85,227475.47,185424.72,42050.75,42050.75,30413.82,1.0,22.68,False,
BATCH_0463,Supplier_13,Loader,15,Fair,12385,8146.21,332804.35,6433.0,339237.35,181780.84,157456.51,157456.51,115453.36,1.0,86.62,False,
BATCH_0464,Supplier_3,Forklift,8,Fair,8483,4644.17,199852.0,6624.36,206476.36,111403.0,95073.36,95073.36,55684.43,1.0,85.34,False,
BATCH_0465,Supplier_9,Forklift,5,Damaged,9122,2884.68,110403.84,4076.72,114480.56,133751.32,-19270.76,-19270.76,-11785.88,0.0,-14.41,True,Unprofitable even without purchase
BATCH_0466,Supplier_17,Truck,10,Good,2484,1916.51,78617.9,1623.8,80241.7,37260.0,42981.7,42981.7,43273.92,0.0,115.36,False,
BATCH_0467,Supplier_17,Tractor,12,Damaged,5035,1780.56,80546.57,2012.07,82558.64,78168.38,4390.26,4390.26,,,5.62,False,
BATCH_0468,Supplier_20,Excavator,15,Fair,2651,1681.94,71926.41,2467.23,74393.64,49149.54,25244.1,25244.1,,,51.36,False,
BATCH_0469,Supplier_16,Truck,14,Good,9717,7384.64,301697.98,5836.71,307534.69,145755.0,161779.69,161779.69,,,110.99,False,
BATCH_0470,Supplier_13,Crane,7,Good,9046,5741.08,225779.66,7437.62,233217.28,176397.0,56820.28,56820.28,,,32.21,False,
BATCH_0471,Supplier_19,Crane,16,Good,8940,6393.95,244166.06,4816.97,248983.03,174330.0,74653.03,74653.03,,,42.82,False,
BATCH_0472,Supplier_17,Loader,11,Damaged,5355,2131.51,78941.42,1259.82,80201.24,87755.06,-7553.82,-7553.82,-3882.9,0.0,-8.61,True,Unprofitable even without purchase
BATCH_0473,Supplier_4,Truck,14,Damaged,5081,1974.42,87918.7,1606.32,89525.02,87647.25,1877.77,1877.77,,,2.14,False,
BATCH_0474,Supplier_12,Loader,4,Good,8628,6316.23,277575.65,4258.74,281834.39,122949.0,158885.39,158885.39,161367.8,0.0,129.23,False,
BATCH_0475,Supplier_9,Crane,8,Poor,5991,3031.8,115295.28,5014.93,120310.21,125586.34,-5276.13,-5276.13,-4150.4,0.0,-4.2,True,Unprofitable even without purchase
BATCH_0476,Supplier_19,Crane,9,Fair,4938,3094.25,126904.66,1957.08,128861.74,99179.73,29682.01,29682.01,,,29.93,False,
BATCH_0477,Supplier_12,Forklift,11,Damaged,6474,2024.61,81660.58,3135.27,84795.85,94925.02,-10129.17,-10129.17,,,-10.67,True,Unprofitable even without purchase
BATCH_0478,Supplier_9,Crane,15,Fair,6017,3316.0,144422.57,2832.75,147255.32,120851.44,26403.88,26403.88,,,21.85,False,
BATCH_0479,Supplier_7,Excavator,15,Poor,5399,2798.62,115158.75,3040.09,118198.84,104470.65,13728.19,13728.19,,,13.14,False,
BATCH_0480,Supplier_14,Loader,15,Damaged,4322,1521.0,60735.88,888.5,61624.38,70826.77,-9202.39,-9202.39,-9393.63,1.0,-12.99,True,Unprofitable even without purchase
BATCH_0481,Supplier_20,Excavator,9,Damaged,9346,3386.35,129950.99,3425.78,133376.77,193462.2,-60085.43,-60085.43,-33247.76,0.0,-31.06,True,Unprofitable even without purchase
BATCH_0482,Supplier_19,Truck,12,Poor,12668,7924.07,325065.98,7793.29,332859.27,204271.5,128587.77,128587.77,98834.68,1.0,62.95,False,
BATCH_0483,Supplier_15,Loader,12,Fair,7882,5852.6,227990.68,4557.43,232548.11,115688.06,116860.05,116860.05,,,101.01,False,
BATCH_0484,Supplier_16,Excavator,10,Damaged,8667,3201.04,130160.86,5261.31,135422.17,179406.9,-43984.73,-43984.73,-25484.96,0.0,-24.52,True,Unprofitable even without purchase
BATCH_0485,Supplier_5,Loader,12,Poor,9609,6021.05,239469.72,3994.05,243463.77,147197.87,96265.9,96265.9,95276.76,1.0,65.4,False,
BATCH_0486,Supplier_3,Excavator,13,Damaged,9099,3191.53,124094.74,4212.85,128307.59,188349.3,-60041.71,-60041.71,-65132.4,1.0,-31.88,True,Unprofitable even without purchase
BATCH_0487,Supplier_12,Loader,21,Poor,5459,3087.74,114498.89,2456.19,116955.08,83625.06,33330.02,33330.02,,,39.86,False,
BATCH_0488,Supplier_20,Truck,13,Fair,13159,9844.24,408955.18,6391.52,415346.7,203306.55,212040.15,212040.15,,,104.3,False,
BATCH_0489,Supplier_4,Forklift,14,Fair,5728,3328.95,133583.14,8189.27,141772.41,75222.96,66549.45,66549.45,,,88.47,False,
BATCH_0490,Supplier_16,Loader,13,Fair,9944,6867.29,311515.81,3942.45,315458.26,145953.06,169505.2,169505.2,67849.72,1.0,116.14,False,
BATCH_0491,Supplier_7,Truck,15,Poor,9590,5483.7,202364.79,4995.72,207360.51,154638.75,52721.76,52721.76,,,34.09,False,
BATCH_0492,Supplier_13,Tractor,7,Fair,2124,1382.97,57913.11,884.56,58797.67,29534.22,29263.45,29263.45,,,99.08,False,
BATCH_0493,Supplier_10,Forklift,5,Poor,6923,3493.4,138869.85,3701.51,142571.36,94888.37,47682.99,47682.99,,,50.25,False,
BATCH_0494,Supplier_7,Tractor,9,Fair,8169,5579.49,258326.34,4192.47,262518.81,113589.94,148928.87,148928.87,,,131.11,False,
BATCH_0495,Supplier_14,Truck,8,Poor,8399,4860.62,202429.83,3062.73,205492.56,135433.88,70058.68,70058.68,,,51.73,False,
BATCH_0496,Supplier_5,Tractor,12,Fair,8904,6433.03,263587.39,3051.75,266639.14,123810.12,142829.02,142829.02,74769.33,1.0,115.36,False,
BATCH_0497,Supplier_3,Tractor,17,Good,10272,7621.26,303018.96,6752.37,309771.33,138672.0,171099.33,171099.33,,,123.38,False,
BATCH_0498,Supplier_11,Crane,13,Good,7977,5983.43,226715.97,4122.9,230838.87,155551.5,75287.37,75287.37,37048.59,1.0,48.4,False,
BATCH_0499,Supplier_11,Crane,14,Good,9063,6164.65,252344.88,9926.25,262271.13,176728.5,85542.63,85542.63,,,48.4,False,
BATCH_0500,Supplier_18,Tractor,10,Fair,7865,5424.39,194481.15,2938.9,197420.05,109362.82,88057.23,88057.23,,,80.52,False,
